{"cameraMode":{"drawMode":0,"name":"Shaded","section":"Shading Mode"},"sceneLighting":false,"audioPlay":false,"sceneViewState":{"m_AlwaysRefresh":false,"showFog":true,"showSkybox":false,"showFlares":true,"showImageEffects":true,"showParticleSystems":true,"showVisualEffectGraphs":true,"m_FxEnabled":true},"in2DMode":false,"pivot":{"x":1007.2208251953125,"y":874.764892578125,"z":-86.95901489257813},"rotation":{"x":-0.12089294195175171,"y":0.012235574424266816,"z":0.0014727741945534945,"w":0.9926446676254273},"size":595.2396850585938,"orthographic":false}